[
  {
    "title": "From The Start",
    "author": "Good Kid",
    "duration": 151,
    "disc-namespace": "ytonescomgoodkidfromthestartlaufeycover",
    "model-data": 2,
    "creeper-drop": true,
    "lores": [
      "Resource Pack by §l§nRuna &amp; Dave :3§n§l"
    ],
    "loot-tables": {
      "chests/ancient_city": 670,
      "chests/ancient_city_ice_box": 670,
      "chests/village/village_plains_house": 1000,
      "chests/village/village_savanna_house": 1000,
      "chests/village/village_desert_house": 1000,
      "chests/village/village_snowy_house": 1000,
      "chests/village/village_taiga_house": 1000
    },
    "fragment-loot-tables": {}
  }
]