[
  {
    "title": "Summer",
    "author": "Good Kid",
    "duration": 148,
    "disc-namespace": "summergoodkidone",
    "model-data": 1,
    "creeper-drop": true,
    "lores": [],
    "loot-tables": {},
    "fragment-loot-tables": {}
  },
  {
    "title": "Osmosis",
    "author": "Good Kid",
    "duration": 174,
    "disc-namespace": "osmosisgoodkidone",
    "model-data": 2,
    "creeper-drop": true,
    "lores": [],
    "loot-tables": {},
    "fragment-loot-tables": {}
  },
  {
    "title": "Aloe Lite",
    "author": "Good Kid",
    "duration": 150,
    "disc-namespace": "aloelitegoodkidone",
    "model-data": 3,
    "creeper-drop": true,
    "lores": [],
    "loot-tables": {},
    "fragment-loot-tables": {}
  },
  {
    "title": "Bubbly",
    "author": "Good Kid",
    "duration": 188,
    "disc-namespace": "bubblygoodkidone",
    "model-data": 4,
    "creeper-drop": true,
    "lores": [],
    "loot-tables": {},
    "fragment-loot-tables": {}
  },
  {
    "title": "Premier Inn",
    "author": "Good Kid",
    "duration": 213,
    "disc-namespace": "premierinngoodkidone",
    "model-data": 5,
    "creeper-drop": true,
    "lores": [],
    "loot-tables": {},
    "fragment-loot-tables": {}
  },
  {
    "title": "Alchemist",
    "author": "Good Kid",
    "duration": 174,
    "disc-namespace": "alchemistgoodkidone",
    "model-data": 6,
    "creeper-drop": true,
    "lores": [],
    "loot-tables": {},
    "fragment-loot-tables": {}
  },
  {
    "title": "Mimi's Delivery Service",
    "author": "Good Kid",
    "duration": 179,
    "disc-namespace": "mimisdeliveryservicegoodkidone",
    "model-data": 7,
    "creeper-drop": true,
    "lores": [],
    "loot-tables": {},
    "fragment-loot-tables": {}
  },
  {
    "title": "From The Start",
    "author": "Good Kid",
    "duration": 151,
    "disc-namespace": "fromthestartgoodkidone",
    "model-data": 8,
    "creeper-drop": true,
    "lores": [],
    "loot-tables": {},
    "fragment-loot-tables": {}
  }
]