{
  "model": {
    "type": "range_dispatch",
    "property": "custom_model_data",
    "fallback": {
      "type": "model",
      "model": "item/disc_fragment_5"
    },
    "entries": [
      {
        "threshold": 1,
        "model": {
          "type": "model",
          "model": "item/fragment_summergoodkidone"
        }
      },
      {
        "threshold": 2,
        "model": {
          "type": "model",
          "model": "item/fragment_osmosisgoodkidone"
        }
      },
      {
        "threshold": 3,
        "model": {
          "type": "model",
          "model": "item/fragment_aloelitegoodkidone"
        }
      },
      {
        "threshold": 4,
        "model": {
          "type": "model",
          "model": "item/fragment_bubblygoodkidone"
        }
      },
      {
        "threshold": 5,
        "model": {
          "type": "model",
          "model": "item/fragment_premierinngoodkidone"
        }
      },
      {
        "threshold": 6,
        "model": {
          "type": "model",
          "model": "item/fragment_alchemistgoodkidone"
        }
      },
      {
        "threshold": 7,
        "model": {
          "type": "model",
          "model": "item/fragment_mimisdeliveryservicegoodkidone"
        }
      },
      {
        "threshold": 8,
        "model": {
          "type": "model",
          "model": "item/fragment_fromthestartgoodkidone"
        }
      }
    ]
  }
}