{
  "model": {
    "type": "range_dispatch",
    "property": "custom_model_data",
    "fallback": {
      "type": "model",
      "model": "item/music_disc_11"
    },
    "entries": [
      {
        "threshold": 1,
        "model": {
          "type": "model",
          "model": "item/music_disc_summergoodkidone"
        }
      },
      {
        "threshold": 2,
        "model": {
          "type": "model",
          "model": "item/music_disc_osmosisgoodkidone"
        }
      },
      {
        "threshold": 3,
        "model": {
          "type": "model",
          "model": "item/music_disc_aloelitegoodkidone"
        }
      },
      {
        "threshold": 4,
        "model": {
          "type": "model",
          "model": "item/music_disc_bubblygoodkidone"
        }
      },
      {
        "threshold": 5,
        "model": {
          "type": "model",
          "model": "item/music_disc_premierinngoodkidone"
        }
      },
      {
        "threshold": 6,
        "model": {
          "type": "model",
          "model": "item/music_disc_alchemistgoodkidone"
        }
      },
      {
        "threshold": 7,
        "model": {
          "type": "model",
          "model": "item/music_disc_mimisdeliveryservicegoodkidone"
        }
      },
      {
        "threshold": 8,
        "model": {
          "type": "model",
          "model": "item/music_disc_fromthestartgoodkidone"
        }
      }
    ]
  }
}