{
  "summergoodkidone": {
    "sounds": [
      {
        "name": "records/summergoodkidone",
        "stream": true
      }
    ]
  },
  "osmosisgoodkidone": {
    "sounds": [
      {
        "name": "records/osmosisgoodkidone",
        "stream": true
      }
    ]
  },
  "aloelitegoodkidone": {
    "sounds": [
      {
        "name": "records/aloelitegoodkidone",
        "stream": true
      }
    ]
  },
  "bubblygoodkidone": {
    "sounds": [
      {
        "name": "records/bubblygoodkidone",
        "stream": true
      }
    ]
  },
  "premierinngoodkidone": {
    "sounds": [
      {
        "name": "records/premierinngoodkidone",
        "stream": true
      }
    ]
  },
  "alchemistgoodkidone": {
    "sounds": [
      {
        "name": "records/alchemistgoodkidone",
        "stream": true
      }
    ]
  },
  "mimisdeliveryservicegoodkidone": {
    "sounds": [
      {
        "name": "records/mimisdeliveryservicegoodkidone",
        "stream": true
      }
    ]
  },
  "fromthestartgoodkidone": {
    "sounds": [
      {
        "name": "records/fromthestartgoodkidone",
        "stream": true
      }
    ]
  },
  "mdmarunaone": {
    "sounds": [
      {
        "name": "records/mdmarunaone",
        "stream": true
      }
    ]
  }
}