{
  "parent": "item/generated",
  "textures": {
    "layer0": "item/disc_fragment_5"
  },
  "overrides": [
    {
      "predicate": {
        "custom_model_data": 1
      },
      "model": "item/fragment_summergoodkidone"
    },
    {
      "predicate": {
        "custom_model_data": 2
      },
      "model": "item/fragment_osmosisgoodkidone"
    },
    {
      "predicate": {
        "custom_model_data": 3
      },
      "model": "item/fragment_aloelitegoodkidone"
    },
    {
      "predicate": {
        "custom_model_data": 4
      },
      "model": "item/fragment_bubblygoodkidone"
    },
    {
      "predicate": {
        "custom_model_data": 5
      },
      "model": "item/fragment_premierinngoodkidone"
    },
    {
      "predicate": {
        "custom_model_data": 6
      },
      "model": "item/fragment_alchemistgoodkidone"
    },
    {
      "predicate": {
        "custom_model_data": 7
      },
      "model": "item/fragment_mimisdeliveryservicegoodkidone"
    },
    {
      "predicate": {
        "custom_model_data": 8
      },
      "model": "item/fragment_fromthestartgoodkidone"
    }
  ]
}