{
  "parent": "item/generated",
  "textures": {
    "layer0": "item/music_disc_11"
  },
  "overrides": [
    {
      "predicate": {
        "custom_model_data": 1
      },
      "model": "item/music_disc_summergoodkidone"
    },
    {
      "predicate": {
        "custom_model_data": 2
      },
      "model": "item/music_disc_osmosisgoodkidone"
    },
    {
      "predicate": {
        "custom_model_data": 3
      },
      "model": "item/music_disc_aloelitegoodkidone"
    },
    {
      "predicate": {
        "custom_model_data": 4
      },
      "model": "item/music_disc_bubblygoodkidone"
    },
    {
      "predicate": {
        "custom_model_data": 5
      },
      "model": "item/music_disc_premierinngoodkidone"
    },
    {
      "predicate": {
        "custom_model_data": 6
      },
      "model": "item/music_disc_alchemistgoodkidone"
    },
    {
      "predicate": {
        "custom_model_data": 7
      },
      "model": "item/music_disc_mimisdeliveryservicegoodkidone"
    },
    {
      "predicate": {
        "custom_model_data": 8
      },
      "model": "item/music_disc_fromthestartgoodkidone"
    },
    {
      "predicate": {
        "custom_model_data": 1
      },
      "model": "item/music_disc_mdmarunaone"
    }
  ]
}